{"cameraMode":{"drawMode":0,"name":"Shaded","section":"Shading Mode"},"sceneLighting":true,"audioPlay":false,"sceneViewState":{"showFog":true,"showMaterialUpdate":false,"showSkybox":true,"showFlares":true,"showImageEffects":true,"showParticleSystems":true},"in2DMode":false,"pivot":{"x":0.06000000238418579,"y":0.9200000762939453,"z":1.5},"rotation":{"x":-0.007880210876464844,"y":0.977328896522522,"z":-0.03697069361805916,"w":-0.2083251029253006},"size":4.940034866333008,"orthographic":false}