{"cameraMode":{"drawMode":0,"name":"Shaded","section":"Shading Mode"},"sceneLighting":false,"audioPlay":false,"sceneViewState":{"showFog":true,"showMaterialUpdate":true,"showSkybox":true,"showFlares":true,"showImageEffects":true,"showParticleSystems":true},"in2DMode":false,"pivot":{"x":0.4524793028831482,"y":4.875191688537598,"z":-0.20499131083488465},"rotation":{"x":-0.12222431600093842,"y":-0.8722402453422546,"z":0.2781785726547241,"w":-0.3832426369190216},"size":0.8573746085166931,"orthographic":false}