{"cameraMode":{"drawMode":0,"name":"Shaded","section":"Shading Mode"},"sceneLighting":true,"audioPlay":false,"sceneViewState":{"showFog":true,"showMaterialUpdate":false,"showSkybox":true,"showFlares":true,"showImageEffects":true,"showParticleSystems":true},"in2DMode":false,"pivot":{"x":-0.018939122557640077,"y":0.20000001788139344,"z":-1.7589998245239258},"rotation":{"x":-0.1806527078151703,"y":-0.39115893840789797,"z":0.07860367000102997,"w":-0.8989887237548828},"size":2.5628774166107179,"orthographic":false}