{"cameraMode":{"drawMode":0,"name":"Shaded","section":"Shading Mode"},"sceneLighting":true,"audioPlay":false,"sceneViewState":{"showFog":false,"showMaterialUpdate":false,"showSkybox":false,"showFlares":false,"showImageEffects":false,"showParticleSystems":false},"in2DMode":false,"pivot":{"x":1.0711908340454102,"y":0.7347583174705505,"z":-1.3152652978897095},"rotation":{"x":0.0673394650220871,"y":-0.5239909291267395,"z":0.04160737991333008,"w":0.848037600517273},"size":0.3284350037574768,"orthographic":false}