{"cameraMode":{"drawMode":0,"name":"Shaded","section":"Shading Mode"},"sceneLighting":true,"audioPlay":false,"sceneViewState":{"showFog":true,"showMaterialUpdate":false,"showSkybox":true,"showFlares":true,"showImageEffects":true,"showParticleSystems":true},"in2DMode":false,"pivot":{"x":-1.1521639823913575,"y":1.0669338703155518,"z":-1.2746535539627076},"rotation":{"x":0.005998588167130947,"y":0.7629213929176331,"z":0.007079769391566515,"w":-0.6464247107505798},"size":1.3285410404205323,"orthographic":false}