{"cameraMode":{"drawMode":0,"name":"Shaded","section":"Shading Mode"},"sceneLighting":true,"audioPlay":false,"sceneViewState":{"showFog":true,"showMaterialUpdate":false,"showSkybox":true,"showFlares":true,"showImageEffects":true,"showParticleSystems":true},"in2DMode":false,"pivot":{"x":-0.08996909856796265,"y":1.1552610397338868,"z":0.465199738740921},"rotation":{"x":-0.0513947419822216,"y":0.5075323581695557,"z":-0.030346117913722993,"w":-0.8595630526542664},"size":0.653511643409729,"orthographic":false}